input,cost_algo2i,output_algo2i,runtime_algo2i
"[1, 2, 3, 4]-[1, 2, 4, 3]-[1, 3, 2, 4]-[1, 3, 4, 2]-[1, 4, 2, 3]-[1, 4, 3, 2]",3,"['[(1, 2), (1, 3), (1, 4), (2, 3), (2, 4)]', '[(1, 2), (1, 3), (1, 4), (3, 2), (3, 4)]', '[(1, 2), (1, 3), (1, 4), (4, 2), (4, 3)]']",0.0001851
"[4, 1, 2, 3]-[4, 1, 3, 2]",1,"['[(1, 2), (1, 3), (4, 1), (4, 2), (4, 3)]']",2.89e-05
"[3, 1, 2, 4]-[3, 1, 4, 2]",1,"['[(1, 2), (1, 4), (3, 1), (3, 2), (3, 4)]']",3.3e-05
"[3, 4, 1, 2]-[4, 3, 1, 2]",1,"['[(1, 2), (3, 1), (3, 2), (4, 1), (4, 2)]']",4.97e-05
"[1, 2, 3, 4]-[1, 3, 2, 4]-[1, 3, 4, 2]",2,"['[(1, 2), (1, 3), (1, 4), (2, 4), (3, 4)]', '[(1, 2), (1, 3), (1, 4), (3, 2), (3, 4), (4, 2)]']",4.95e-05
"[1, 2, 4, 3]-[1, 4, 2, 3]-[1, 4, 3, 2]-[4, 1, 2, 3]-[4, 1, 3, 2]",3,"['[(1, 2), (1, 3), (1, 4), (2, 3), (4, 3)]', '[(1, 2), (1, 3), (3, 2), (4, 2), (4, 3)]', '[(1, 2), (1, 3), (2, 3), (4, 1), (4, 2), (4, 3)]']",0.0001033
"[3, 1, 2, 4]-[3, 1, 4, 2]-[3, 4, 1, 2]",2,"['[(1, 2), (1, 4), (3, 1), (3, 2), (3, 4)]', '[(1, 2), (3, 1), (3, 2), (3, 4), (4, 1), (4, 2)]']",7.57e-05
"[4, 3, 1, 2]",1,"['[(1, 2), (3, 1), (3, 2), (4, 1), (4, 2), (4, 3)]']",1.95e-05
"[1, 2, 4, 3]-[1, 4, 2, 3]-[1, 4, 3, 2]",2,"['[(1, 2), (1, 3), (1, 4), (2, 3), (4, 3)]', '[(1, 2), (1, 3), (1, 4), (3, 2), (4, 2), (4, 3)]']",6.34e-05
"[1, 2, 3, 4]-[1, 3, 2, 4]-[1, 3, 4, 2]-[3, 1, 2, 4]-[3, 1, 4, 2]",3,"['[(1, 2), (1, 3), (1, 4), (2, 4), (3, 4)]', '[(1, 2), (1, 4), (3, 2), (3, 4), (4, 2)]', '[(1, 2), (1, 4), (2, 4), (3, 1), (3, 2), (3, 4)]']",0.0001043
"[4, 1, 2, 3]-[4, 1, 3, 2]-[4, 3, 1, 2]",2,"['[(1, 2), (1, 3), (4, 1), (4, 2), (4, 3)]', '[(1, 2), (3, 1), (3, 2), (4, 1), (4, 2), (4, 3)]']",7.48e-05
"[3, 4, 1, 2]",1,"['[(1, 2), (3, 1), (3, 2), (3, 4), (4, 1), (4, 2)]']",1.75e-05
"[2, 1, 3, 4]-[2, 1, 4, 3]",1,"['[(1, 3), (1, 4), (2, 1), (2, 3), (2, 4)]']",4.25e-05
"[2, 4, 1, 3]-[4, 2, 1, 3]",1,"['[(1, 3), (2, 1), (2, 3), (4, 1), (4, 3)]']",2.8e-05
"[2, 3, 1, 4]-[3, 2, 1, 4]",1,"['[(1, 4), (2, 1), (2, 4), (3, 1), (3, 4)]']",6.04e-05
"[2, 3, 4, 1]-[2, 4, 3, 1]-[3, 2, 4, 1]-[3, 4, 2, 1]-[4, 2, 3, 1]-[4, 3, 2, 1]",3,"['[(2, 1), (2, 3), (2, 4), (3, 1), (4, 1)]', '[(2, 1), (3, 1), (3, 2), (3, 4), (4, 1)]', '[(2, 1), (3, 1), (4, 1), (4, 2), (4, 3)]']",0.0001404
"[2, 1, 3, 4]",1,"['[(1, 3), (1, 4), (2, 1), (2, 3), (2, 4), (3, 4)]']",2.1e-05
"[2, 1, 4, 3]-[2, 4, 1, 3]-[4, 2, 1, 3]",2,"['[(1, 3), (2, 1), (2, 3), (2, 4), (4, 3)]', '[(1, 3), (2, 1), (2, 3), (4, 1), (4, 2), (4, 3)]']",3.37e-05
"[2, 3, 1, 4]-[2, 3, 4, 1]-[3, 2, 1, 4]-[3, 2, 4, 1]-[3, 4, 2, 1]",2,"['[(2, 1), (2, 4), (3, 1), (3, 4)]', '[(2, 1), (3, 1), (3, 2), (3, 4), (4, 1), (4, 2)]']",9.43e-05
"[2, 4, 3, 1]-[4, 2, 3, 1]-[4, 3, 2, 1]",2,"['[(2, 1), (2, 3), (3, 1), (4, 1), (4, 3)]', '[(2, 1), (3, 1), (3, 2), (4, 1), (4, 2), (4, 3)]']",7.95e-05
"[2, 1, 4, 3]",1,"['[(1, 3), (1, 4), (2, 1), (2, 3), (2, 4), (4, 3)]']",3.65e-05
"[2, 1, 3, 4]-[2, 3, 1, 4]-[3, 2, 1, 4]",2,"['[(1, 4), (2, 1), (2, 3), (2, 4), (3, 4)]', '[(1, 4), (2, 1), (2, 4), (3, 1), (3, 2), (3, 4)]']",3.76e-05
"[2, 4, 1, 3]-[2, 4, 3, 1]-[4, 2, 1, 3]-[4, 2, 3, 1]-[4, 3, 2, 1]",2,"['[(2, 1), (2, 3), (4, 1), (4, 3)]', '[(2, 1), (3, 1), (3, 2), (4, 1), (4, 2), (4, 3)]']",7.14e-05
"[2, 3, 4, 1]-[3, 2, 4, 1]-[3, 4, 2, 1]",2,"['[(2, 1), (2, 4), (3, 1), (3, 4), (4, 1)]', '[(2, 1), (3, 1), (3, 2), (3, 4), (4, 1), (4, 2)]']",3.64e-05
"[1, 2, 3, 4]-[1, 2, 4, 3]",1,"['[(1, 2), (1, 3), (1, 4), (2, 3), (2, 4)]']",2.38e-05
"[1, 4, 2, 3]-[4, 1, 2, 3]",1,"['[(1, 2), (1, 3), (2, 3), (4, 2), (4, 3)]']",4.2e-05
"[1, 3, 2, 4]-[3, 1, 2, 4]",1,"['[(1, 2), (1, 4), (2, 4), (3, 2), (3, 4)]']",3.65e-05
"[1, 3, 4, 2]-[1, 4, 3, 2]-[3, 1, 4, 2]-[3, 4, 1, 2]-[4, 1, 3, 2]-[4, 3, 1, 2]",3,"['[(1, 2), (1, 3), (1, 4), (3, 2), (4, 2)]', '[(1, 2), (3, 1), (3, 2), (3, 4), (4, 2)]', '[(1, 2), (3, 2), (4, 1), (4, 2), (4, 3)]']",8.74e-05
"[1, 2, 3, 4]",1,"['[(1, 2), (1, 3), (1, 4), (2, 3), (2, 4), (3, 4)]']",2.41e-05
"[1, 2, 4, 3]-[1, 4, 2, 3]-[4, 1, 2, 3]",2,"['[(1, 2), (1, 3), (1, 4), (2, 3), (4, 3)]', '[(1, 2), (1, 3), (2, 3), (4, 1), (4, 2), (4, 3)]']",6.39e-05
"[1, 3, 2, 4]-[1, 3, 4, 2]-[3, 1, 2, 4]-[3, 1, 4, 2]-[3, 4, 1, 2]",2,"['[(1, 2), (1, 4), (3, 2), (3, 4)]', '[(1, 2), (3, 1), (3, 2), (3, 4), (4, 1), (4, 2)]']",5.43e-05
"[1, 4, 3, 2]-[4, 1, 3, 2]-[4, 3, 1, 2]",2,"['[(1, 2), (1, 3), (3, 2), (4, 2), (4, 3)]', '[(1, 2), (3, 1), (3, 2), (4, 1), (4, 2), (4, 3)]']",3.28e-05
"[1, 2, 4, 3]",1,"['[(1, 2), (1, 3), (1, 4), (2, 3), (2, 4), (4, 3)]']",1.36e-05
"[1, 2, 3, 4]-[1, 3, 2, 4]-[3, 1, 2, 4]",2,"['[(1, 2), (1, 3), (1, 4), (2, 4), (3, 4)]', '[(1, 2), (1, 4), (2, 4), (3, 1), (3, 2), (3, 4)]']",5.69e-05
"[1, 4, 2, 3]-[1, 4, 3, 2]-[4, 1, 2, 3]-[4, 1, 3, 2]-[4, 3, 1, 2]",2,"['[(1, 2), (1, 3), (4, 2), (4, 3)]', '[(1, 2), (3, 1), (3, 2), (4, 1), (4, 2), (4, 3)]']",6.61e-05
"[1, 3, 4, 2]-[3, 1, 4, 2]-[3, 4, 1, 2]",2,"['[(1, 2), (1, 4), (3, 2), (3, 4), (4, 2)]', '[(1, 2), (3, 1), (3, 2), (3, 4), (4, 1), (4, 2)]']",6.13e-05
"[2, 1, 3, 4]-[2, 1, 4, 3]-[2, 3, 1, 4]-[2, 3, 4, 1]-[2, 4, 1, 3]-[2, 4, 3, 1]",3,"['[(1, 3), (1, 4), (2, 1), (2, 3), (2, 4)]', '[(2, 1), (2, 3), (2, 4), (3, 1), (3, 4)]', '[(2, 1), (2, 3), (2, 4), (4, 1), (4, 3)]']",0.0001618
"[4, 2, 1, 3]-[4, 2, 3, 1]",1,"['[(2, 1), (2, 3), (4, 1), (4, 2), (4, 3)]']",5.68e-05
"[3, 2, 1, 4]-[3, 2, 4, 1]",1,"['[(2, 1), (2, 4), (3, 1), (3, 2), (3, 4)]']",6.96e-05
"[3, 4, 2, 1]-[4, 3, 2, 1]",1,"['[(2, 1), (3, 1), (3, 2), (4, 1), (4, 2)]']",4.09e-05
"[2, 1, 3, 4]-[2, 3, 1, 4]-[2, 3, 4, 1]",2,"['[(1, 4), (2, 1), (2, 3), (2, 4), (3, 4)]', '[(2, 1), (2, 3), (2, 4), (3, 1), (3, 4), (4, 1)]']",5.11e-05
"[2, 1, 4, 3]-[2, 4, 1, 3]-[2, 4, 3, 1]-[4, 2, 1, 3]-[4, 2, 3, 1]",3,"['[(1, 3), (2, 1), (2, 3), (2, 4), (4, 3)]', '[(2, 1), (2, 3), (3, 1), (4, 1), (4, 3)]', '[(1, 3), (2, 1), (2, 3), (4, 1), (4, 2), (4, 3)]']",7.58e-05
"[3, 2, 1, 4]-[3, 2, 4, 1]-[3, 4, 2, 1]",2,"['[(2, 1), (2, 4), (3, 1), (3, 2), (3, 4)]', '[(2, 1), (3, 1), (3, 2), (3, 4), (4, 1), (4, 2)]']",4.65e-05
"[4, 3, 2, 1]",1,"['[(2, 1), (3, 1), (3, 2), (4, 1), (4, 2), (4, 3)]']",1.7e-05
"[2, 1, 4, 3]-[2, 4, 1, 3]-[2, 4, 3, 1]",2,"['[(1, 3), (2, 1), (2, 3), (2, 4), (4, 3)]', '[(2, 1), (2, 3), (2, 4), (3, 1), (4, 1), (4, 3)]']",5.45e-05
"[2, 1, 3, 4]-[2, 3, 1, 4]-[2, 3, 4, 1]-[3, 2, 1, 4]-[3, 2, 4, 1]",3,"['[(1, 4), (2, 1), (2, 3), (2, 4), (3, 4)]', '[(2, 1), (2, 4), (3, 1), (3, 4), (4, 1)]', '[(1, 4), (2, 1), (2, 4), (3, 1), (3, 2), (3, 4)]']",5.55e-05
"[4, 2, 1, 3]-[4, 2, 3, 1]-[4, 3, 2, 1]",2,"['[(2, 1), (2, 3), (4, 1), (4, 2), (4, 3)]', '[(2, 1), (3, 1), (3, 2), (4, 1), (4, 2), (4, 3)]']",5.14e-05
"[3, 4, 2, 1]",1,"['[(2, 1), (3, 1), (3, 2), (3, 4), (4, 1), (4, 2)]']",2.36e-05
"[1, 2, 3, 4]-[1, 2, 4, 3]-[1, 3, 2, 4]",2,"['[(1, 2), (1, 3), (1, 4), (2, 3), (2, 4)]', '[(1, 2), (1, 3), (1, 4), (2, 4), (3, 2), (3, 4)]']",5.99e-05
"[1, 3, 4, 2]-[1, 4, 2, 3]-[1, 4, 3, 2]-[4, 1, 2, 3]-[4, 1, 3, 2]",3,"['[(1, 2), (1, 3), (1, 4), (3, 2), (4, 2)]', '[(1, 2), (1, 3), (2, 3), (4, 2), (4, 3)]', '[(1, 2), (1, 3), (3, 2), (4, 1), (4, 2), (4, 3)]']",9.08e-05
"[2, 1, 3, 4]-[2, 1, 4, 3]-[2, 4, 1, 3]",2,"['[(1, 3), (1, 4), (2, 1), (2, 3), (2, 4)]', '[(1, 3), (2, 1), (2, 3), (2, 4), (4, 1), (4, 3)]']",7.81e-05
"[4, 2, 1, 3]",1,"['[(1, 3), (2, 1), (2, 3), (4, 1), (4, 2), (4, 3)]']",2.48e-05
"[1, 3, 4, 2]-[1, 4, 2, 3]-[1, 4, 3, 2]",2,"['[(1, 2), (1, 3), (1, 4), (3, 2), (4, 2)]', '[(1, 2), (1, 3), (1, 4), (2, 3), (4, 2), (4, 3)]']",8.28e-05
"[1, 2, 3, 4]-[1, 2, 4, 3]-[1, 3, 2, 4]-[2, 1, 3, 4]-[2, 1, 4, 3]",2,"['[(1, 3), (1, 4), (2, 3), (2, 4)]', '[(1, 2), (1, 3), (1, 4), (2, 4), (3, 2), (3, 4)]']",8.34e-05
"[4, 1, 2, 3]-[4, 1, 3, 2]-[4, 2, 1, 3]",2,"['[(1, 2), (1, 3), (4, 1), (4, 2), (4, 3)]', '[(1, 3), (2, 1), (2, 3), (4, 1), (4, 2), (4, 3)]']",5.15e-05
"[2, 4, 1, 3]",1,"['[(1, 3), (2, 1), (2, 3), (2, 4), (4, 1), (4, 3)]']",1.75e-05
"[3, 1, 2, 4]",1,"['[(1, 2), (1, 4), (2, 4), (3, 1), (3, 2), (3, 4)]']",1.42e-05
"[3, 1, 4, 2]-[3, 4, 1, 2]-[4, 3, 1, 2]",2,"['[(1, 2), (3, 1), (3, 2), (3, 4), (4, 2)]', '[(1, 2), (3, 1), (3, 2), (4, 1), (4, 2), (4, 3)]']",4.64e-05
"[2, 3, 1, 4]-[2, 3, 4, 1]-[2, 4, 3, 1]-[3, 2, 1, 4]-[3, 2, 4, 1]",2,"['[(2, 1), (2, 4), (3, 1), (3, 4)]', '[(2, 1), (2, 3), (2, 4), (3, 1), (4, 1), (4, 3)]']",9.67e-05
"[3, 4, 2, 1]-[4, 2, 3, 1]-[4, 3, 2, 1]",2,"['[(2, 1), (3, 1), (3, 2), (4, 1), (4, 2)]', '[(2, 1), (2, 3), (3, 1), (4, 1), (4, 2), (4, 3)]']",3.55e-05
"[3, 1, 4, 2]",1,"['[(1, 2), (1, 4), (3, 1), (3, 2), (3, 4), (4, 2)]']",1.67e-05
"[2, 3, 1, 4]-[3, 1, 2, 4]-[3, 2, 1, 4]",2,"['[(1, 4), (2, 1), (2, 4), (3, 1), (3, 4)]', '[(1, 2), (1, 4), (2, 4), (3, 1), (3, 2), (3, 4)]']",4.32e-05
"[3, 4, 1, 2]-[3, 4, 2, 1]-[4, 2, 3, 1]-[4, 3, 1, 2]-[4, 3, 2, 1]",3,"['[(3, 1), (3, 2), (3, 4), (4, 1), (4, 2)]', '[(2, 1), (3, 1), (4, 1), (4, 2), (4, 3)]', '[(1, 2), (3, 1), (3, 2), (4, 1), (4, 2), (4, 3)]']",5.18e-05
"[2, 3, 4, 1]-[2, 4, 3, 1]-[3, 2, 4, 1]",2,"['[(2, 1), (2, 3), (2, 4), (3, 1), (4, 1)]', '[(2, 1), (2, 4), (3, 1), (3, 2), (3, 4), (4, 1)]']",3.39e-05
"[1, 3, 2, 4]-[1, 3, 4, 2]",1,"['[(1, 2), (1, 3), (1, 4), (3, 2), (3, 4)]']",4.23e-05
"[1, 4, 3, 2]-[4, 1, 3, 2]",1,"['[(1, 2), (1, 3), (3, 2), (4, 2), (4, 3)]']",2.89e-05
"[1, 2, 3, 4]-[2, 1, 3, 4]",1,"['[(1, 3), (1, 4), (2, 3), (2, 4), (3, 4)]']",4.93e-05
"[1, 2, 4, 3]-[1, 4, 2, 3]-[2, 1, 4, 3]-[2, 4, 1, 3]-[4, 1, 2, 3]-[4, 2, 1, 3]",3,"['[(1, 2), (1, 3), (1, 4), (2, 3), (4, 3)]', '[(1, 3), (2, 1), (2, 3), (2, 4), (4, 3)]', '[(1, 3), (2, 3), (4, 1), (4, 2), (4, 3)]']",6.13e-05
"[1, 3, 2, 4]",1,"['[(1, 2), (1, 3), (1, 4), (2, 4), (3, 2), (3, 4)]']",2.01e-05
"[1, 3, 4, 2]-[1, 4, 3, 2]-[4, 1, 3, 2]",2,"['[(1, 2), (1, 3), (1, 4), (3, 2), (4, 2)]', '[(1, 2), (1, 3), (3, 2), (4, 1), (4, 2), (4, 3)]']",5.23e-05
"[1, 2, 3, 4]-[1, 2, 4, 3]-[2, 1, 3, 4]-[2, 1, 4, 3]-[2, 4, 1, 3]",2,"['[(1, 3), (1, 4), (2, 3), (2, 4)]', '[(1, 3), (2, 1), (2, 3), (2, 4), (4, 1), (4, 3)]']",7.51e-05
"[1, 4, 2, 3]-[4, 1, 2, 3]-[4, 2, 1, 3]",2,"['[(1, 2), (1, 3), (2, 3), (4, 2), (4, 3)]', '[(1, 3), (2, 1), (2, 3), (4, 1), (4, 2), (4, 3)]']",4.13e-05
"[1, 3, 4, 2]",1,"['[(1, 2), (1, 3), (1, 4), (3, 2), (3, 4), (4, 2)]']",1.43e-05
"[1, 2, 3, 4]-[1, 3, 2, 4]-[2, 1, 3, 4]",2,"['[(1, 2), (1, 3), (1, 4), (2, 4), (3, 4)]', '[(1, 3), (1, 4), (2, 1), (2, 3), (2, 4), (3, 4)]']",3.28e-05
"[1, 4, 2, 3]-[1, 4, 3, 2]-[4, 1, 2, 3]-[4, 1, 3, 2]-[4, 2, 1, 3]",2,"['[(1, 2), (1, 3), (4, 2), (4, 3)]', '[(1, 3), (2, 1), (2, 3), (4, 1), (4, 2), (4, 3)]']",5.12e-05
"[1, 2, 4, 3]-[2, 1, 4, 3]-[2, 4, 1, 3]",2,"['[(1, 3), (1, 4), (2, 3), (2, 4), (4, 3)]', '[(1, 3), (2, 1), (2, 3), (2, 4), (4, 1), (4, 3)]']",3.4e-05
"[3, 1, 2, 4]-[3, 1, 4, 2]-[3, 2, 1, 4]-[3, 2, 4, 1]-[3, 4, 1, 2]-[3, 4, 2, 1]",3,"['[(1, 2), (1, 4), (3, 1), (3, 2), (3, 4)]', '[(2, 1), (2, 4), (3, 1), (3, 2), (3, 4)]', '[(3, 1), (3, 2), (3, 4), (4, 1), (4, 2)]']",5.84e-05
"[4, 3, 1, 2]-[4, 3, 2, 1]",1,"['[(3, 1), (3, 2), (4, 1), (4, 2), (4, 3)]']",2.55e-05
"[2, 3, 1, 4]-[2, 3, 4, 1]",1,"['[(2, 1), (2, 3), (2, 4), (3, 1), (3, 4)]']",3.99e-05
"[2, 4, 3, 1]-[4, 2, 3, 1]",1,"['[(2, 1), (2, 3), (3, 1), (4, 1), (4, 3)]']",3.09e-05
"[3, 1, 2, 4]-[3, 2, 1, 4]-[3, 2, 4, 1]",2,"['[(1, 4), (2, 4), (3, 1), (3, 2), (3, 4)]', '[(2, 1), (2, 4), (3, 1), (3, 2), (3, 4), (4, 1)]']",5.55e-05
"[3, 1, 4, 2]-[3, 4, 1, 2]-[3, 4, 2, 1]-[4, 3, 1, 2]-[4, 3, 2, 1]",3,"['[(1, 2), (3, 1), (3, 2), (3, 4), (4, 2)]', '[(2, 1), (3, 1), (3, 2), (4, 1), (4, 2)]', '[(1, 2), (3, 1), (3, 2), (4, 1), (4, 2), (4, 3)]']",5.44e-05
"[2, 3, 1, 4]-[2, 3, 4, 1]-[2, 4, 3, 1]",2,"['[(2, 1), (2, 3), (2, 4), (3, 1), (3, 4)]', '[(2, 1), (2, 3), (2, 4), (3, 1), (4, 1), (4, 3)]']",3.77e-05
"[4, 2, 3, 1]",1,"['[(2, 1), (2, 3), (3, 1), (4, 1), (4, 2), (4, 3)]']",2.14e-05
"[3, 1, 4, 2]-[3, 4, 1, 2]-[3, 4, 2, 1]",2,"['[(1, 2), (3, 1), (3, 2), (3, 4), (4, 2)]', '[(2, 1), (3, 1), (3, 2), (3, 4), (4, 1), (4, 2)]']",3.62e-05
"[2, 3, 1, 4]-[2, 3, 4, 1]-[3, 1, 2, 4]-[3, 2, 1, 4]-[3, 2, 4, 1]",3,"['[(2, 1), (2, 3), (2, 4), (3, 1), (3, 4)]', '[(1, 4), (2, 4), (3, 1), (3, 2), (3, 4)]', '[(2, 1), (2, 4), (3, 1), (3, 2), (3, 4), (4, 1)]']",5.48e-05
"[4, 2, 3, 1]-[4, 3, 1, 2]-[4, 3, 2, 1]",2,"['[(2, 1), (3, 1), (4, 1), (4, 2), (4, 3)]', '[(1, 2), (3, 1), (3, 2), (4, 1), (4, 2), (4, 3)]']",3.59e-05
"[2, 4, 3, 1]",1,"['[(2, 1), (2, 3), (2, 4), (3, 1), (4, 1), (4, 3)]']",2.17e-05
"[1, 2, 3, 4]-[1, 2, 4, 3]-[1, 4, 2, 3]",2,"['[(1, 2), (1, 3), (1, 4), (2, 3), (2, 4)]', '[(1, 2), (1, 3), (1, 4), (2, 3), (4, 2), (4, 3)]']",4.73e-05
"[1, 3, 2, 4]-[1, 3, 4, 2]-[1, 4, 3, 2]-[3, 1, 2, 4]-[3, 1, 4, 2]",2,"['[(1, 2), (1, 4), (3, 2), (3, 4)]', '[(1, 2), (1, 3), (1, 4), (3, 2), (4, 2), (4, 3)]']",7.86e-05
"[2, 1, 3, 4]-[2, 1, 4, 3]-[2, 3, 1, 4]",2,"['[(1, 3), (1, 4), (2, 1), (2, 3), (2, 4)]', '[(1, 4), (2, 1), (2, 3), (2, 4), (3, 1), (3, 4)]']",3.46e-05
"[3, 2, 1, 4]",1,"['[(1, 4), (2, 1), (2, 4), (3, 1), (3, 2), (3, 4)]']",2.21e-05
"[1, 3, 2, 4]-[1, 3, 4, 2]-[1, 4, 3, 2]",2,"['[(1, 2), (1, 3), (1, 4), (3, 2), (3, 4)]', '[(1, 2), (1, 3), (1, 4), (3, 2), (4, 2), (4, 3)]']",6.64e-05
"[1, 2, 3, 4]-[1, 2, 4, 3]-[1, 4, 2, 3]-[2, 1, 3, 4]-[2, 1, 4, 3]",2,"['[(1, 3), (1, 4), (2, 3), (2, 4)]', '[(1, 2), (1, 3), (1, 4), (2, 3), (4, 2), (4, 3)]']",8.59e-05
"[3, 1, 2, 4]-[3, 1, 4, 2]-[3, 2, 1, 4]",2,"['[(1, 2), (1, 4), (3, 1), (3, 2), (3, 4)]', '[(1, 4), (2, 1), (2, 4), (3, 1), (3, 2), (3, 4)]']",3.44e-05
"[2, 3, 1, 4]",1,"['[(1, 4), (2, 1), (2, 3), (2, 4), (3, 1), (3, 4)]']",1.88e-05
"[4, 1, 2, 3]",1,"['[(1, 2), (1, 3), (2, 3), (4, 1), (4, 2), (4, 3)]']",2.01e-05
"[3, 4, 1, 2]-[4, 1, 3, 2]-[4, 3, 1, 2]",2,"['[(1, 2), (3, 1), (3, 2), (4, 1), (4, 2)]', '[(1, 2), (1, 3), (3, 2), (4, 1), (4, 2), (4, 3)]']",3.58e-05
"[2, 3, 4, 1]-[2, 4, 1, 3]-[2, 4, 3, 1]-[4, 2, 1, 3]-[4, 2, 3, 1]",3,"['[(2, 1), (2, 3), (2, 4), (3, 1), (4, 1)]', '[(1, 3), (2, 1), (2, 3), (4, 1), (4, 3)]', '[(2, 1), (2, 3), (3, 1), (4, 1), (4, 2), (4, 3)]']",0.0001021
"[3, 2, 4, 1]-[3, 4, 2, 1]-[4, 3, 2, 1]",2,"['[(2, 1), (3, 1), (3, 2), (3, 4), (4, 1)]', '[(2, 1), (3, 1), (3, 2), (4, 1), (4, 2), (4, 3)]']",3.81e-05
"[4, 1, 3, 2]",1,"['[(1, 2), (1, 3), (3, 2), (4, 1), (4, 2), (4, 3)]']",1.45e-05
"[2, 4, 1, 3]-[4, 1, 2, 3]-[4, 2, 1, 3]",2,"['[(1, 3), (2, 1), (2, 3), (4, 1), (4, 3)]', '[(1, 2), (1, 3), (2, 3), (4, 1), (4, 2), (4, 3)]']",6.39e-05
"[3, 2, 4, 1]-[3, 4, 1, 2]-[3, 4, 2, 1]-[4, 3, 1, 2]-[4, 3, 2, 1]",3,"['[(2, 1), (3, 1), (3, 2), (3, 4), (4, 1)]', '[(1, 2), (3, 1), (3, 2), (4, 1), (4, 2)]', '[(2, 1), (3, 1), (3, 2), (4, 1), (4, 2), (4, 3)]']",4.85e-05
"[2, 3, 4, 1]-[2, 4, 3, 1]-[4, 2, 3, 1]",2,"['[(2, 1), (2, 3), (2, 4), (3, 1), (4, 1)]', '[(2, 1), (2, 3), (3, 1), (4, 1), (4, 2), (4, 3)]']",3.69e-05
"[1, 4, 2, 3]-[1, 4, 3, 2]",1,"['[(1, 2), (1, 3), (1, 4), (4, 2), (4, 3)]']",3.03e-05
"[1, 3, 4, 2]-[3, 1, 4, 2]",1,"['[(1, 2), (1, 4), (3, 2), (3, 4), (4, 2)]']",4.25e-05
"[1, 2, 4, 3]-[2, 1, 4, 3]",1,"['[(1, 3), (1, 4), (2, 3), (2, 4), (4, 3)]']",4.03e-05
"[1, 2, 3, 4]-[1, 3, 2, 4]-[2, 1, 3, 4]-[2, 3, 1, 4]-[3, 1, 2, 4]-[3, 2, 1, 4]",3,"['[(1, 2), (1, 3), (1, 4), (2, 4), (3, 4)]', '[(1, 4), (2, 1), (2, 3), (2, 4), (3, 4)]', '[(1, 4), (2, 4), (3, 1), (3, 2), (3, 4)]']",9.37e-05
"[1, 4, 2, 3]",1,"['[(1, 2), (1, 3), (1, 4), (2, 3), (4, 2), (4, 3)]']",1.73e-05
"[1, 3, 4, 2]-[1, 4, 3, 2]-[3, 1, 4, 2]",2,"['[(1, 2), (1, 3), (1, 4), (3, 2), (4, 2)]', '[(1, 2), (1, 4), (3, 1), (3, 2), (3, 4), (4, 2)]']",3.6e-05
"[1, 2, 3, 4]-[1, 2, 4, 3]-[2, 1, 3, 4]-[2, 1, 4, 3]-[2, 3, 1, 4]",2,"['[(1, 3), (1, 4), (2, 3), (2, 4)]', '[(1, 4), (2, 1), (2, 3), (2, 4), (3, 1), (3, 4)]']",5.2e-05
"[1, 3, 2, 4]-[3, 1, 2, 4]-[3, 2, 1, 4]",2,"['[(1, 2), (1, 4), (2, 4), (3, 2), (3, 4)]', '[(1, 4), (2, 1), (2, 4), (3, 1), (3, 2), (3, 4)]']",5.98e-05
"[1, 4, 3, 2]",1,"['[(1, 2), (1, 3), (1, 4), (3, 2), (4, 2), (4, 3)]']",1.44e-05
"[1, 2, 4, 3]-[1, 4, 2, 3]-[2, 1, 4, 3]",2,"['[(1, 2), (1, 3), (1, 4), (2, 3), (4, 3)]', '[(1, 3), (1, 4), (2, 1), (2, 3), (2, 4), (4, 3)]']",5.02e-05
"[1, 3, 2, 4]-[1, 3, 4, 2]-[3, 1, 2, 4]-[3, 1, 4, 2]-[3, 2, 1, 4]",2,"['[(1, 2), (1, 4), (3, 2), (3, 4)]', '[(1, 4), (2, 1), (2, 4), (3, 1), (3, 2), (3, 4)]']",8.72e-05
"[1, 2, 3, 4]-[2, 1, 3, 4]-[2, 3, 1, 4]",2,"['[(1, 3), (1, 4), (2, 3), (2, 4), (3, 4)]', '[(1, 4), (2, 1), (2, 3), (2, 4), (3, 1), (3, 4)]']",6.3e-05
"[4, 1, 2, 3]-[4, 1, 3, 2]-[4, 2, 1, 3]-[4, 2, 3, 1]-[4, 3, 1, 2]-[4, 3, 2, 1]",3,"['[(1, 2), (1, 3), (4, 1), (4, 2), (4, 3)]', '[(2, 1), (2, 3), (4, 1), (4, 2), (4, 3)]', '[(3, 1), (3, 2), (4, 1), (4, 2), (4, 3)]']",9.76e-05
"[3, 4, 1, 2]-[3, 4, 2, 1]",1,"['[(3, 1), (3, 2), (3, 4), (4, 1), (4, 2)]']",3.73e-05
"[2, 4, 1, 3]-[2, 4, 3, 1]",1,"['[(2, 1), (2, 3), (2, 4), (4, 1), (4, 3)]']",3.38e-05
"[2, 3, 4, 1]-[3, 2, 4, 1]",1,"['[(2, 1), (2, 4), (3, 1), (3, 4), (4, 1)]']",3.76e-05
"[4, 1, 2, 3]-[4, 2, 1, 3]-[4, 2, 3, 1]",2,"['[(1, 3), (2, 3), (4, 1), (4, 2), (4, 3)]', '[(2, 1), (2, 3), (3, 1), (4, 1), (4, 2), (4, 3)]']",3.48e-05
"[3, 4, 1, 2]-[3, 4, 2, 1]-[4, 1, 3, 2]-[4, 3, 1, 2]-[4, 3, 2, 1]",3,"['[(3, 1), (3, 2), (3, 4), (4, 1), (4, 2)]', '[(1, 2), (3, 2), (4, 1), (4, 2), (4, 3)]', '[(2, 1), (3, 1), (3, 2), (4, 1), (4, 2), (4, 3)]']",0.0001035
"[2, 3, 4, 1]-[2, 4, 1, 3]-[2, 4, 3, 1]",2,"['[(2, 1), (2, 3), (2, 4), (3, 1), (4, 1)]', '[(1, 3), (2, 1), (2, 3), (2, 4), (4, 1), (4, 3)]']",6.41e-05
"[3, 2, 4, 1]",1,"['[(2, 1), (2, 4), (3, 1), (3, 2), (3, 4), (4, 1)]']",1.96e-05
"[4, 1, 3, 2]-[4, 3, 1, 2]-[4, 3, 2, 1]",2,"['[(1, 2), (3, 2), (4, 1), (4, 2), (4, 3)]', '[(2, 1), (3, 1), (3, 2), (4, 1), (4, 2), (4, 3)]']",4.49e-05
"[2, 4, 1, 3]-[2, 4, 3, 1]-[4, 1, 2, 3]-[4, 2, 1, 3]-[4, 2, 3, 1]",3,"['[(2, 1), (2, 3), (2, 4), (4, 1), (4, 3)]', '[(1, 3), (2, 3), (4, 1), (4, 2), (4, 3)]', '[(2, 1), (2, 3), (3, 1), (4, 1), (4, 2), (4, 3)]']",8.05e-05
"[3, 2, 4, 1]-[3, 4, 1, 2]-[3, 4, 2, 1]",2,"['[(2, 1), (3, 1), (3, 2), (3, 4), (4, 1)]', '[(1, 2), (3, 1), (3, 2), (3, 4), (4, 1), (4, 2)]']",3.74e-05
"[2, 3, 4, 1]",1,"['[(2, 1), (2, 3), (2, 4), (3, 1), (3, 4), (4, 1)]']",1.41e-05
